image,link,title
/static/portals/free-to-use/public-domain/wpa-posters/a-book-mark-would-be-better-loc_6629878315_o.jpg,/item/2011645389/,A book mark would be better!
/static/portals/free-to-use/public-domain/wpa-posters/live-here-at-low-rent---lakeview-terrace-1340-west-28th-st-at-main-avenue-bridge-loc_6629877709_o.jpg,/item/98518952/,"Live here at low rent - Lakeview Terrace, 1340 West 28th St. at Main Avenue bridge"
/static/portals/free-to-use/public-domain/wpa-posters/be-careful-near-machinery-loc_6629877217_o.jpg,/item/98518717/,Be careful near machinery
/static/portals/free-to-use/public-domain/wpa-posters/the-national-parks-preserve-wild-life-loc_6629876663_o.jpg,/item/98518597/,The national parks preserve wild life
/static/portals/free-to-use/public-domain/wpa-posters/understanding-the-arts-loc_6629876317_o.jpg,/item/98518272/,Understanding the arts / Shari.
/static/portals/free-to-use/public-domain/wpa-posters/keeping-up-with-science-loc_6629875959_o.jpg,/item/98518267/,Keeping up with science
/static/portals/free-to-use/public-domain/wpa-posters/careers-ahead-loc_6629875593_o.jpg,/item/98517916/,Careers ahead
/static/portals/free-to-use/public-domain/wpa-posters/work-with-care-loc_6629875181_o.jpg,/item/98517388/,Work with care
/static/portals/free-to-use/public-domain/wpa-posters/let-them-grow-loc_6629874647_o.jpg,/item/98517179/,Let them grow
/static/portals/free-to-use/public-domain/wpa-posters/spare-our-trees-loc_6629874295_o.jpg,/item/98517129/,Spare our trees
/static/portals/free-to-use/public-domain/wpa-posters/keep-your-fire-escapes-clear-loc_6629873905_o.jpg,/item/98516613/,Keep your fire escapes clear
/static/portals/free-to-use/public-domain/wpa-posters/balanced-diet-for-the-expectant-mother-loc_6629873557_o.jpg,/item/98513398/,Balanced diet for the expectant mother
/static/portals/free-to-use/public-domain/wpa-posters/the-vacation-reading-club---join-now-at-your-public-library-loc_6629873199_o.jpg,/item/98510373/,The vacation reading club - join now at your public library
/static/portals/free-to-use/public-domain/wpa-posters/national-letter-writing-week-oct-1-7-loc_6629872823_o.jpg,/item/98508422/,"National letter writing week, Oct. 1-7"
/static/portals/free-to-use/public-domain/wpa-posters/fire-wrecks-a-forest-loc_6629872501_o.jpg,/item/98508191/,Fire wrecks a forest
/static/portals/free-to-use/public-domain/wpa-posters/in-march-read-the-books-youve-always-meant-to-read-loc_6629871985_o.jpg,/item/98507722/,In March read the books you've always meant to read
/static/portals/free-to-use/public-domain/wpa-posters/photography-exhibition-loc_6629871657_o.jpg,/item/98507251/,Photography exhibition
/static/portals/free-to-use/public-domain/wpa-posters/photographs-second-annual-exhibition-sioux-city-camera-club-loc_6629871169_o.jpg,/item/96510383/,"Photographs, second annual exhibition, Sioux City Camera Club"
/static/portals/free-to-use/public-domain/wpa-posters/see-america-loc_6629870749_o.jpg,/item/96503125/,See America
/static/portals/free-to-use/public-domain/wpa-posters/bands-on-parade-outstanding-eastern-illinois-high-school-bands-loc_8384088837_o.jpg,/item/98508363/,Bands on parade outstanding eastern Illinois high school bands.
/static/portals/free-to-use/public-domain/wpa-posters/visit-the-zoo-loc_6629867953_o.jpg,/item/94502738/,Visit the zoo
/static/portals/free-to-use/public-domain/wpa-posters/dont-mix-em-loc_6629870069_o.jpg,/item/93511155/,Don't mix 'em
/static/portals/free-to-use/public-domain/wpa-posters/keep-your-teeth-clean-loc_6629869765_o.jpg,/item/92517367/,Keep your teeth clean
/static/portals/free-to-use/public-domain/wpa-posters/dont-kill-our-wild-life-loc_6629869437_o.jpg,/item/92509203/,Don't kill our wild life
